1,Houston,Amer,19-2,+30.20,117.5,7,87.3,3,63.0,342,+.006,163,+2.92,94,105.8,73,102.9,120,+0.89,149
2,Tennessee,SEC,17-3,+29.53,112.3,40,82.7,1,67.0,190,-.019,225,+4.66,66,105.4,96,100.8,50,+1.73,118
3,Alabama,SEC,18-2,+27.21,115.5,16,88.3,4,73.4,4,+.068,58,+9.91,4,108.3,12,98.4,4,+8.17,12
4,UCLA,P12,17-4,+26.41,114.8,20,88.4,5,65.7,251,-.020,228,+8.11,16,108.2,15,100.1,26,+1.46,130
5,Purdue,B10,20-1,+25.79,118.7,4,92.9,17,63.5,331,+.036,107,+6.71,31,106.7,41,100.0,23,+1.10,141
6,Connecticut,BE,16-6,+24.77,116.7,11,91.9,14,67.4,167,-.082,329,+7.49,21,107.0,32,99.6,17,-0.29,185
7,Saint Mary's,WCC,18-4,+24.26,112.7,35,88.4,6,62.3,351,-.060,303,+3.74,79,106.8,38,103.1,130,+3.92,66
8,Marquette,BE,16-5,+22.16,120.2,1,98.0,68,68.9,89,-.076,324,+7.82,19,107.8,19,100.0,24,-0.32,187
9,Texas,B12,17-3,+22.15,116.3,12,94.2,26,69.2,74,+.064,66,+5.59,45,106.3,60,100.7,45,-3.54,280
10,Kansas,B12,16-4,+21.57,114.4,25,92.8,16,68.2,126,+.083,42,+10.87,1,108.7,8,97.8,2,+5.55,40
11,Creighton,BE,12-8,+21.02,114.8,22,93.8,23,68.4,117,-.140,358,+9.01,11,108.2,16,99.2,10,+5.42,41
12,Virginia,ACC,15-3,+20.99,115.0,18,94.0,25,61.4,360,+.045,93,+6.28,37,107.6,26,101.3,64,+1.69,121
13,TCU,B12,16-4,+20.78,111.5,49,90.7,11,70.2,44,-.003,181,+3.70,80,105.7,80,102.0,83,-8.46,355
14,Iowa St.,B12,15-4,+20.77,110.9,57,90.1,8,64.3,310,+.050,84,+8.02,17,108.7,6,100.7,46,-2.31,250
15,Arizona,P12,18-3,+20.43,115.2,17,94.8,29,72.5,10,+.093,26,+7.39,22,106.4,50,99.1,9,+3.56,70
16,Baylor,B12,15-5,+20.29,119.5,2,99.2,91,67.5,160,+.046,90,+8.91,12,108.5,11,99.6,18,-0.05,168
17,Rutgers,B10,14-6,+19.91,106.4,121,86.5,2,65.3,277,-.068,317,+4.69,64,107.0,34,102.3,90,-7.20,346
18,Gonzaga,WCC,17-4,+19.74,118.9,3,99.2,89,70.6,35,+.071,56,+7.63,20,108.7,7,101.1,57,+9.82,5
19,Xavier,BE,17-4,+19.06,118.5,5,99.4,93,71.9,16,+.002,168,+8.45,14,108.6,9,100.1,28,+4.26,60
20,Ohio St.,B10,11-9,+18.75,117.2,9,98.4,76,66.8,199,-.171,363,+7.25,26,106.6,44,99.3,13,-2.64,258
21,West Virginia,B12,12-8,+18.67,114.0,27,95.3,37,68.1,131,-.110,351,+9.05,10,108.8,5,99.8,21,+1.06,144
22,Arkansas,SEC,14-6,+18.53,110.4,60,91.9,13,69.4,63,-.042,273,+5.53,47,106.2,65,100.6,44,+0.94,147
23,Indiana,B10,14-6,+18.28,114.2,26,95.9,43,68.8,95,-.010,202,+5.45,50,106.6,43,101.2,61,-4.56,305
24,Auburn,SEC,16-4,+17.97,110.2,66,92.2,15,67.7,148,+.037,105,+5.68,44,105.5,87,99.8,22,+2.72,93
25,Kansas St.,B12,17-3,+17.74,113.6,30,95.9,42,68.9,90,+.095,25,+6.09,39,105.8,76,99.7,20,-2.75,262
26,San Diego St.,MWC,16-4,+17.68,112.8,34,95.1,35,67.3,168,+.039,99,+7.11,27,107.5,27,100.4,35,+6.84,21
27,Boise St.,MWC,16-5,+17.66,107.9,98,90.2,9,67.3,170,-.036,262,+4.70,63,106.6,45,101.9,82,+1.31,137
28,North Carolina,ACC,15-6,+17.62,114.5,24,96.9,52,68.8,92,-.029,252,+7.34,24,107.8,20,100.5,38,+7.86,14
29,Illinois,B10,14-6,+17.61,111.4,51,93.7,22,69.2,76,-.016,214,+5.24,54,105.6,82,100.4,32,-5.14,316
30,Kentucky,SEC,14-6,+17.38,114.7,23,97.4,57,65.4,271,-.000,175,+3.58,84,105.9,69,102.3,92,-2.84,263
31,Providence,BE,16-5,+17.34,114.8,19,97.5,60,67.2,177,-.004,184,+3.64,83,105.4,98,101.7,80,-7.76,350
32,Duke,ACC,14-6,+16.20,112.4,37,96.2,44,65.5,268,+.021,134,+6.31,35,107.7,21,101.4,69,+3.14,84
33,Maryland,B10,13-7,+16.16,111.0,56,94.9,32,65.5,267,+.004,166,+7.29,25,107.7,22,100.4,36,-3.13,268
34,Florida Atlantic,CUSA,20-1,+16.10,113.1,33,97.0,54,67.6,153,+.084,41,-0.89,198,103.1,214,104.0,176,-3.47,279
35,Memphis,Amer,16-5,+16.06,112.3,38,96.3,47,72.1,15,-.071,321,+5.50,49,105.9,67,100.5,37,+5.86,34
36,Miami FL,ACC,16-4,+15.91,117.2,10,101.2,117,67.7,143,+.020,135,+3.86,75,105.3,101,101.5,71,-0.88,206
37,Iowa,B10,12-8,+15.73,117.3,8,101.5,125,69.7,54,-.067,315,+7.92,18,106.9,36,99.0,7,-0.78,201
38,Texas A&M,SEC,14-6,+15.66,113.2,32,97.6,62,66.3,223,-.007,196,+3.15,91,104.6,128,101.5,72,-1.64,227
39,Oklahoma St.,B12,11-9,+15.65,105.5,135,89.8,7,67.2,178,-.085,333,+9.31,8,108.3,13,99.0,8,+1.27,138
40,Utah,P12,15-7,+15.48,108.7,87,93.2,21,66.7,205,-.035,259,+3.13,92,104.3,145,101.1,60,-4.59,306
41,Michigan St.,B10,14-7,+15.36,110.4,63,95.0,33,64.5,309,+.039,103,+9.94,3,109.6,1,99.6,19,+4.92,48
42,USC,P12,15-6,+15.25,111.5,48,96.2,45,67.4,165,+.039,101,+7.34,23,105.6,85,98.2,3,+1.24,139
43,New Mexico,MWC,18-3,+15.12,112.5,36,97.4,58,71.3,23,+.009,157,+2.24,105,105.2,106,102.9,124,-2.42,255
44,Florida,SEC,12-8,+15.05,106.5,120,91.4,12,69.4,64,-.062,308,+6.48,33,107.6,25,101.1,58,+3.42,74
45,Northwestern,B10,14-5,+14.58,107.5,103,93.0,18,66.4,220,+.051,81,+4.73,62,105.2,105,100.5,39,-3.70,286
46,Liberty,ASun,17-5,+14.44,109.7,73,95.3,36,62.9,344,-.014,210,-3.10,269,102.6,258,105.7,276,+1.03,146
47,Penn St.,B10,13-7,+14.21,113.3,31,99.1,87,65.1,286,-.021,230,+5.83,43,106.6,46,100.7,47,-3.66,285
48,N.C. State,ACC,16-5,+14.12,111.6,46,97.5,61,69.9,51,+.026,125,+2.74,97,106.3,57,103.6,149,-4.80,311
49,Nevada,MWC,16-5,+14.01,111.6,45,97.6,65,65.5,264,+.071,54,+6.86,29,107.6,24,100.8,49,+3.48,72
50,Virginia Tech,ACC,12-8,+13.96,111.9,42,98.0,67,65.8,246,-.094,341,+4.99,59,106.2,62,101.2,63,-3.30,274
51,Utah St.,MWC,16-5,+13.87,115.9,13,102.1,135,68.8,98,+.055,74,+4.99,58,106.3,56,101.3,66,+3.36,78
52,Mississippi St.,SEC,12-8,+13.82,104.3,170,90.5,10,63.7,328,-.038,265,+5.55,46,104.9,120,99.3,12,-5.32,319
53,Oklahoma,B12,11-9,+13.60,111.2,54,97.6,64,63.8,325,-.042,272,+9.54,6,106.8,39,97.3,1,+2.03,109
54,Oregon,P12,12-9,+13.55,111.9,43,98.4,74,66.7,206,-.018,223,+8.25,15,107.1,31,98.8,5,+5.30,44
55,Colorado,P12,12-10,+13.41,106.6,116,93.1,20,70.0,49,-.098,342,+6.30,36,106.4,51,100.1,29,+2.82,90
56,Missouri,SEC,15-5,+13.29,117.9,6,104.6,194,70.5,37,+.093,28,+4.56,68,105.7,77,101.2,62,-5.61,324
57,UCF,Amer,13-7,+13.12,110.2,67,97.0,55,63.4,337,-.046,282,+3.85,76,106.2,63,102.4,94,-0.27,182
58,Clemson,ACC,17-4,+12.91,109.7,74,96.8,49,67.7,144,+.047,88,+1.15,130,104.9,115,103.8,165,-5.04,313
59,Arizona St.,P12,15-6,+12.68,108.0,96,95.4,38,67.6,155,+.069,57,+5.43,53,105.8,74,100.4,31,+0.08,165
60,Oral Roberts,Sum,18-4,+12.66,115.7,15,103.0,158,70.7,31,+.073,53,-1.38,214,103.7,179,105.1,240,+8.92,8
61,Michigan,B10,11-9,+12.63,111.4,50,98.8,82,68.1,129,-.062,307,+6.61,32,107.0,33,100.4,34,+0.84,150
62,Seton Hall,BE,12-9,+12.32,105.3,138,93.0,19,66.2,227,-.014,211,+9.61,5,108.9,3,99.3,11,+3.35,79
63,Washington St.,P12,9-13,+11.98,109.6,75,97.7,66,63.4,336,-.164,362,+9.45,7,108.3,14,98.8,6,+4.48,57
64,Sam Houston St.,WAC,16-5,+11.78,106.6,115,94.8,31,65.1,287,+.028,124,+3.48,86,105.2,104,101.7,81,+7.61,17
65,Kent St.,MAC,16-4,+11.69,105.9,128,94.3,27,67.9,139,-.016,216,-0.24,172,105.0,110,105.3,253,+3.18,82
66,Pittsburgh,ACC,14-7,+11.65,111.5,47,99.9,99,66.8,200,+.021,133,+3.49,85,106.3,59,102.8,115,-3.37,276
67,Dayton,A10,13-8,+11.52,106.2,122,94.7,28,63.6,330,-.077,327,-0.28,175,103.5,190,103.8,167,-1.81,231
68,Cincinnati,Amer,14-7,+11.36,108.8,85,97.4,59,68.1,128,-.009,200,+1.68,117,105.5,91,103.8,166,-2.98,265
69,Wisconsin,B10,12-7,+11.32,107.0,111,95.7,40,62.7,349,+.053,75,+8.80,13,108.9,4,100.1,27,+1.41,132
70,Texas Tech,B12,10-10,+11.20,108.0,97,96.8,50,67.1,189,-.121,353,+3.80,77,106.4,53,102.6,105,-7.78,351
71,St. John's,BE,13-8,+11.12,108.2,92,97.1,56,73.6,2,+.007,161,+5.07,55,105.9,71,100.8,51,-6.07,331
72,Villanova,BE,10-10,+11.07,112.1,41,101.0,111,63.5,334,-.098,343,+6.88,28,107.9,17,101.0,56,+3.54,71
73,North Texas,CUSA,17-5,+10.83,106.2,123,95.4,39,58.6,363,+.092,29,+1.64,118,104.9,117,103.3,139,+1.91,114
74,Wake Forest,ACC,14-7,+10.69,113.8,29,103.1,163,69.1,77,+.036,112,+4.46,70,105.3,100,100.9,52,-0.86,204
75,Charleston,CAA,21-1,+10.62,109.4,78,98.7,80,70.3,40,+.100,17,-3.59,286,102.7,247,106.3,311,-0.10,170
76,VCU,A10,16-5,+10.54,104.4,163,93.9,24,69.1,79,+.028,123,-0.58,186,103.1,218,103.7,157,-1.85,234
77,Iona,MAAC,13-6,+10.11,109.3,79,99.2,90,69.0,84,-.047,285,-0.67,189,103.1,219,103.8,162,+4.55,55
78,UAB,CUSA,14-7,+9.76,110.7,58,101.0,112,71.2,25,-.093,340,-1.56,220,102.7,251,104.2,188,-4.05,296
79,Marshall,SB,17-5,+9.38,109.9,71,100.5,103,70.8,29,-.083,331,-4.21,301,102.6,254,106.8,330,-4.41,301
80,Syracuse,ACC,13-8,+9.25,110.3,64,101.1,114,66.9,196,-.024,242,+1.19,127,105.7,79,104.5,206,-4.10,297
81,Saint Louis,A10,14-6,+9.21,111.3,52,102.1,136,68.8,97,+.056,71,+2.02,108,104.0,162,102.0,84,+4.43,59
82,BYU,WCC,14-9,+9.02,103.8,184,94.8,30,70.5,36,-.063,310,+3.47,87,105.9,70,102.4,99,+1.68,122
83,UNLV,MWC,13-7,+8.72,107.6,102,98.8,84,69.0,85,-.022,235,+3.30,89,105.0,113,101.7,78,-1.42,219
84,Santa Clara,WCC,16-6,+8.64,109.2,81,100.6,104,69.5,61,+.107,14,+3.78,78,106.2,66,102.4,95,+0.76,154
85,Loyola Marymount,WCC,15-7,+8.54,108.1,95,99.6,95,67.3,176,+.036,106,+2.79,96,106.9,35,104.1,185,+1.06,145
86,Utah Valley,WAC,16-6,+8.41,106.6,114,98.2,71,68.2,124,+.035,113,+2.21,106,105.1,109,102.9,121,+3.87,67
87,Tulane,Amer,13-7,+8.35,110.5,59,102.1,137,72.8,9,-.025,243,+0.04,159,104.1,159,104.0,174,-6.36,336
88,UC Santa Barbara,BW,16-3,+7.97,106.1,124,98.2,72,65.0,289,+.000,173,-4.98,319,100.8,335,105.7,283,-3.79,289
89,Bradley,MVC,14-8,+7.72,104.6,156,96.9,53,65.7,255,-.028,250,-1.28,209,102.3,269,103.6,148,+0.07,166
90,Drake,MVC,16-6,+7.69,105.7,129,98.1,69,66.4,219,+.020,136,-2.01,236,102.2,271,104.3,194,-1.32,216
91,Vanderbilt,SEC,10-10,+7.68,111.0,55,103.4,166,65.7,250,-.041,271,+6.43,34,106.5,48,100.1,25,+1.57,125
92,Yale,Ivy,13-6,+7.19,106.5,118,99.3,92,66.2,228,-.048,287,-2.14,239,101.5,311,103.6,152,-0.02,167
93,James Madison,SB,14-8,+7.15,106.0,126,98.8,85,70.8,30,-.108,349,-1.70,225,102.3,270,104.0,173,-3.65,284
94,Mississippi,SEC,9-11,+7.12,105.2,141,98.1,70,65.7,252,-.070,320,+5.97,41,106.5,49,100.5,41,-0.29,184
95,Georgia,SEC,13-7,+7.11,105.5,134,98.4,75,67.5,161,+.040,98,+0.96,139,104.4,136,103.5,144,-7.07,344
96,Furman,SC,16-6,+6.91,112.3,39,105.4,208,69.0,81,-.021,231,-2.93,263,103.4,195,106.3,313,-2.16,247
97,UC Irvine,BW,13-7,+6.74,107.7,100,100.9,109,68.7,103,-.045,281,+1.17,128,103.3,198,102.2,86,+3.48,73
98,Nebraska,B10,10-11,+6.67,103.2,194,96.5,48,65.7,253,+.022,127,+10.06,2,109.6,2,99.5,15,+2.59,97
99,Southern Miss,SB,18-4,+6.66,106.8,112,100.1,102,67.7,146,+.055,73,-2.59,254,103.0,230,105.6,270,-3.82,292
100,Princeton,Ivy,14-5,+6.64,107.5,104,100.9,107,67.1,186,-.036,263,-3.14,273,101.9,288,105.1,241,-3.89,294
101,Louisiana,SB,17-4,+6.62,110.4,62,103.8,175,68.5,107,+.100,18,-0.64,188,102.9,231,103.6,151,+0.32,159
102,Butler,BE,11-11,+6.56,105.2,140,98.7,78,66.4,222,+.007,160,+9.10,9,108.5,10,99.4,14,+1.56,126
103,San Francisco,WCC,14-9,+6.47,107.5,106,101.0,113,69.2,75,-.025,245,+1.09,132,104.0,165,102.9,118,-2.98,264
104,Washington,P12,13-9,+6.28,104.7,151,98.4,77,69.0,82,+.084,40,+5.91,42,105.5,92,99.5,16,-0.52,193
105,Toledo,MAC,14-6,+6.04,115.8,14,109.8,303,70.7,32,+.020,139,-1.75,228,103.1,220,104.8,224,-0.63,196
106,Charlotte,CUSA,13-8,+6.01,107.3,108,101.3,119,60.7,362,-.050,290,-1.85,231,102.9,232,104.7,221,-6.23,332
107,Stanford,P12,8-12,+6.01,107.6,101,101.6,127,65.6,259,-.143,359,+5.06,56,105.7,78,100.6,43,+0.19,163
108,Grand Canyon,WAC,14-7,+5.98,108.4,89,102.5,147,64.5,308,+.003,167,+0.38,150,103.2,210,102.8,114,-0.51,192
109,Cornell,Ivy,14-5,+5.95,114.8,21,108.8,279,71.2,24,-.034,258,-2.82,260,102.0,280,104.8,226,-3.61,282
110,Hofstra,CAA,14-8,+5.90,108.2,91,102.3,143,67.3,175,+.042,95,+1.50,121,104.3,144,102.8,113,+8.34,11
111,Colorado St.,MWC,10-11,+5.68,109.7,72,104.0,184,66.7,209,-.088,335,+4.55,69,105.9,72,101.3,65,+1.80,116
112,San Jose St.,MWC,13-8,+5.37,109.4,77,104.0,182,62.5,350,+.055,72,+2.63,99,105.0,111,102.4,93,-2.37,253
113,Seattle,WAC,16-5,+5.30,102.9,197,97.6,63,68.3,122,+.131,10,+0.10,154,104.1,153,104.0,178,+0.24,161
114,Temple,Amer,13-9,+5.09,105.1,144,100.0,100,66.0,238,+.050,82,+2.86,95,104.4,133,101.6,74,+1.33,135
115,Southern Illinois,MVC,17-5,+5.07,100.9,234,95.8,41,63.9,323,+.097,21,-2.31,245,102.6,255,104.9,233,-2.50,256
116,Southern Utah,WAC,15-7,+4.99,108.1,94,103.1,161,71.8,17,+.029,121,+2.02,109,104.2,149,102.2,87,+4.23,61
117,Montana St.,BSky,14-8,+4.86,103.6,190,98.7,79,66.9,195,+.002,170,-0.27,174,104.8,121,105.1,239,+4.65,54
118,Middle Tennessee,CUSA,13-8,+4.72,103.7,188,99.0,86,66.7,208,+.046,92,+2.98,93,106.7,42,103.7,158,+2.36,103
119,Hawaii,BW,15-5,+4.57,101.4,224,96.8,51,65.0,290,-.003,183,-4.44,310,101.0,329,105.4,258,-5.83,327
120,Belmont,MVC,16-6,+4.55,109.3,80,104.7,196,67.5,158,+.087,36,-0.96,199,102.5,261,103.5,145,+0.80,153
121,Colgate,Pat,15-7,+4.52,111.9,44,107.4,251,67.2,180,-.002,179,-4.15,300,101.6,307,105.8,287,-0.44,190
122,Akron,MAC,14-6,+4.33,104.0,181,99.6,97,64.6,306,+.032,119,-3.70,288,102.1,277,105.8,286,-0.40,188
123,LSU,SEC,12-8,+4.31,104.1,177,99.8,98,65.6,260,+.125,11,+4.07,73,105.2,107,101.1,59,-7.37,347
124,Youngstown St.,Horz,15-6,+4.22,113.9,28,109.7,298,68.0,136,-.055,297,-5.56,331,101.4,315,106.9,334,-4.60,307
125,Richmond,A10,11-10,+4.08,103.6,189,99.6,96,64.8,297,-.061,305,-0.30,177,104.2,148,104.5,207,-2.14,246
126,Duquesne,A10,14-7,+4.03,108.3,90,104.3,189,66.7,204,+.039,100,-2.22,241,103.2,208,105.4,259,-4.74,310
127,UNC Greensboro,SC,14-8,+3.94,99.0,278,95.1,34,66.1,237,+.007,162,-0.78,194,105.3,103,106.0,301,+3.41,75
128,Indiana St.,MVC,13-9,+3.77,106.0,125,102.2,141,71.2,26,-.105,347,-3.11,271,101.4,313,104.5,209,-6.34,334
129,Wichita St.,Amer,10-10,+3.68,101.9,217,98.3,73,65.1,288,-.060,304,+1.26,125,104.1,156,102.8,116,-1.76,230
130,George Mason,A10,12-9,+3.65,104.3,169,100.7,106,66.3,226,-.009,201,+0.03,160,104.4,135,104.4,200,-1.10,213
131,Quinnipiac,MAAC,15-5,+3.59,104.5,158,101.0,110,69.2,73,-.002,180,-4.37,309,100.3,345,104.7,217,-2.41,254
132,Cal Baptist,WAC,13-8,+3.40,104.5,159,101.1,115,63.9,319,-.043,275,-2.91,262,101.3,316,104.3,193,-5.60,323
133,Troy,SB,13-9,+3.38,102.5,205,99.1,88,67.8,140,-.077,325,-0.00,161,103.4,193,103.4,142,+0.22,162
134,Samford,SC,14-8,+3.19,109.5,76,106.3,227,65.9,244,-.020,226,-3.17,274,102.8,237,106.0,298,-1.47,223
135,Stephen F. Austin,WAC,14-7,+3.09,105.5,136,102.4,146,68.4,121,-.004,185,-1.08,203,102.8,236,103.9,171,-1.06,212
136,DePaul,BE,9-12,+3.04,106.5,117,103.5,169,68.8,99,+.021,130,+6.74,30,107.1,30,100.4,30,+2.73,92
137,South Florida,Amer,9-12,+2.71,105.6,133,102.9,153,68.1,130,-.133,356,-0.11,166,103.6,184,103.7,161,-6.03,330
138,Towson,CAA,15-7,+2.71,105.7,130,103.0,159,62.9,347,+.008,158,-4.50,312,101.1,324,105.6,273,-3.21,272
139,Davidson,A10,10-10,+2.35,105.1,142,102.7,151,66.1,235,-.026,247,+1.45,122,103.9,169,102.4,100,-1.05,211
140,Vermont,AE,11-10,+2.31,104.5,161,102.2,140,64.2,311,-.008,197,+0.73,143,104.4,139,103.6,154,+4.71,52
141,Missouri St.,MVC,11-10,+2.24,103.9,183,101.6,128,62.3,352,-.036,264,+0.42,148,102.6,253,102.2,89,+2.41,101
142,Ohio,MAC,11-9,+2.09,107.8,99,105.8,217,68.0,134,-.033,256,-0.41,181,105.5,89,105.9,292,+0.80,152
143,Longwood,BSth,15-7,+1.90,103.3,191,101.4,123,66.1,236,+.001,171,-6.29,343,101.2,321,107.5,349,-6.36,335
144,Kennesaw St.,ASun,16-6,+1.46,104.4,164,102.9,155,68.4,114,+.145,7,-0.98,201,104.7,125,105.6,274,+4.83,50
145,Eastern Washington,BSky,15-7,+1.44,106.5,119,105.1,205,69.0,83,+.102,15,-1.75,229,103.2,207,105.0,235,+1.17,140
146,Radford,BSth,13-9,+1.43,104.0,182,102.5,148,65.2,281,-.078,328,-2.59,256,103.7,182,106.2,306,+1.62,123
147,Fresno St.,MWC,7-12,+1.40,100.2,255,98.8,81,63.5,333,-.056,299,+4.98,60,106.5,47,101.6,73,+2.18,105
148,Rice,CUSA,15-5,+1.38,108.8,84,107.4,254,70.3,39,+.166,3,-1.57,222,102.1,276,103.7,155,-6.01,329
149,Louisiana Tech,CUSA,11-10,+1.30,105.0,145,103.7,172,67.3,169,-.046,284,+1.86,112,104.4,138,102.6,101,+0.44,158
150,Long Beach St.,BW,11-10,+1.26,104.3,168,103.1,160,73.4,3,-.018,221,+1.06,134,103.3,202,102.2,88,+6.25,26
151,UC Riverside,BW,14-7,+1.23,105.3,139,104.0,183,66.7,203,+.137,9,+0.71,144,103.7,180,103.0,125,+4.48,56
152,UC Davis,BW,13-8,+1.18,105.4,137,104.2,187,70.6,33,-.008,199,-2.87,261,101.1,326,104.0,172,-0.15,174
153,Penn,Ivy,10-11,+1.15,108.1,93,107.0,241,65.9,243,-.058,302,+0.47,146,104.3,147,103.8,164,-0.27,183
154,Harvard,Ivy,12-8,+1.01,99.9,260,98.8,83,65.4,272,-.021,229,-1.71,226,102.5,262,104.2,189,-2.09,245
155,Notre Dame,ACC,9-12,+0.95,109.9,70,108.9,282,64.0,316,-.018,222,+2.02,107,105.6,84,103.6,150,-2.02,241
156,UNC Wilmington,CAA,17-6,+0.87,101.5,223,100.6,105,64.5,307,+.156,4,-3.52,283,102.0,281,105.5,267,+4.01,63
157,Massachusetts,A10,12-8,+0.78,102.7,200,101.9,132,70.6,34,+.081,44,+0.05,157,103.2,209,103.1,133,-0.78,202
158,Florida St.,ACC,7-14,+0.69,105.6,132,104.9,201,68.6,104,-.027,249,+6.04,40,107.7,23,101.6,77,+3.40,77
159,Cleveland St.,Horz,12-9,+0.51,103.2,193,102.7,150,63.9,320,-.013,208,-2.80,259,103.1,217,105.9,293,+1.09,142
160,Fordham,A10,16-4,+0.43,101.3,227,100.9,108,69.4,66,+.148,6,-7.14,349,99.1,354,106.3,309,-12.29,363
161,Florida Gulf Coast,ASun,14-8,+0.38,104.4,166,104.0,181,65.8,245,+.091,31,-2.02,237,102.8,238,104.8,225,+1.55,127
162,Air Force,MWC,12-9,+0.37,104.2,172,103.9,179,62.9,345,-.001,176,-3.36,280,103.1,213,106.5,319,-10.86,362
163,Georgia Tech,ACC,8-12,+0.32,102.1,214,101.8,130,66.8,202,-.042,274,+6.13,38,107.8,18,101.7,79,-0.59,195
164,Chattanooga,SC,11-11,+0.27,110.0,69,109.7,299,67.2,184,-.100,344,-0.53,184,103.5,188,104.1,179,+2.70,94
165,Portland,WCC,11-12,+0.25,108.7,86,108.5,274,69.6,56,-.018,224,+3.69,81,105.8,75,102.1,85,+0.26,160
166,UMass Lowell,AE,17-5,+0.19,104.8,149,104.6,193,68.8,94,+.039,102,-9.28,358,97.9,359,107.2,342,-10.22,361
167,Cal St. Fullerton,BW,11-11,+0.09,101.4,226,101.3,120,64.9,294,-.033,257,+1.15,129,103.9,167,102.8,110,+2.96,88
168,Wyoming,MWC,6-14,-0.06,107.4,107,107.4,252,65.1,283,-.109,350,+4.34,71,105.7,81,101.3,68,-0.54,194
169,Buffalo,MAC,10-10,-0.08,104.1,175,104.2,186,72.8,8,-.022,234,+1.11,131,105.4,97,104.3,195,+5.76,35
170,Northern Iowa,MVC,12-9,-0.21,102.4,207,102.6,149,67.4,162,-.011,204,-3.04,267,102.0,282,105.0,238,-1.44,220
171,Murray St.,MVC,11-10,-0.23,105.1,143,105.3,207,66.6,214,+.019,144,+0.05,158,103.3,204,103.2,137,+0.83,151
172,UTEP,CUSA,11-9,-0.28,96.0,326,96.3,46,66.1,234,+.011,154,-0.22,171,104.6,127,104.9,227,-2.28,248
173,SMU,Amer,7-14,-0.31,101.9,218,102.2,138,68.9,87,-.061,306,+5.44,51,106.2,64,100.8,48,+3.82,68
174,George Washington,A10,11-9,-0.32,109.0,82,109.3,287,68.7,101,-.033,255,-2.28,244,102.0,283,104.2,192,-5.21,317
175,Appalachian St.,SB,12-10,-0.40,100.9,236,101.3,118,65.3,279,-.007,194,-0.15,167,104.0,163,104.2,187,-0.95,207
176,Siena,MAAC,13-7,-0.43,104.0,180,104.4,191,66.9,198,+.036,108,-3.81,289,100.8,333,104.6,213,-1.40,218
177,Old Dominion,SB,12-9,-0.50,103.7,187,104.2,185,64.7,300,+.020,142,-1.40,215,102.7,249,104.1,181,-0.96,209
178,St. Bonaventure,A10,10-11,-0.61,101.4,225,102.0,134,65.3,280,-.026,246,-1.19,205,103.3,197,104.5,210,-2.03,243
179,Pepperdine,WCC,7-15,-0.68,103.8,186,104.4,192,72.4,12,-.161,361,+4.61,67,107.3,28,102.7,108,+3.40,76
180,Ball St.,MAC,13-7,-0.74,105.7,131,106.5,230,67.2,183,+.050,83,-2.72,258,103.5,189,106.3,308,-4.28,299
181,Lipscomb,ASun,13-9,-0.78,102.8,198,103.6,171,68.8,96,-.035,261,-4.31,305,103.2,212,107.5,346,-3.15,269
182,Minnesota,B10,7-12,-0.81,99.2,276,100.0,101,64.9,292,+.019,143,+5.51,48,106.4,52,100.9,54,-5.74,326
183,Western Kentucky,CUSA,11-10,-0.85,104.7,150,105.6,214,66.6,212,-.003,182,-0.57,185,103.7,176,104.3,196,-3.80,290
184,Boston College,ACC,10-11,-0.90,100.5,246,101.4,122,66.2,231,+.080,45,+2.40,101,106.8,37,104.4,202,-3.83,293
185,South Dakota St.,Sum,11-10,-0.93,100.4,248,101.4,121,67.1,187,+.074,51,+1.78,116,105.5,88,103.7,160,+8.41,10
186,Stetson,ASun,11-9,-0.94,111.2,53,112.2,332,63.3,339,+.052,79,+2.37,102,105.4,95,103.1,129,+7.17,18
187,Drexel,CAA,12-9,-1.03,101.0,233,102.0,133,63.9,324,-.058,301,-6.17,341,100.3,344,106.5,317,-2.03,242
188,Norfolk St.,MEAC,13-7,-1.25,106.6,113,107.9,261,65.3,274,+.095,24,-3.56,285,101.8,292,105.4,257,+1.69,120
189,Sacramento St.,BSky,12-9,-1.27,103.8,185,105.0,204,62.2,353,+.042,94,-0.58,187,104.0,164,104.6,212,+3.31,80
190,Gardner Webb,BSth,10-11,-1.31,98.1,295,99.4,94,65.6,263,-.090,338,-1.56,221,104.3,143,105.8,289,+2.44,100
191,Eastern Kentucky,ASun,13-9,-1.39,103.3,192,104.7,195,70.3,42,+.086,38,+0.34,151,103.5,191,103.1,131,+2.97,87
192,UNC Asheville,BSth,16-6,-1.57,101.3,228,102.9,154,68.0,137,+.190,1,-3.44,282,101.8,296,105.2,250,-0.20,180
193,San Diego,WCC,10-12,-1.65,110.3,65,111.9,325,68.9,86,-.017,219,+1.21,126,104.3,140,103.1,132,-1.89,235
194,Bryant,AE,13-7,-1.69,107.5,105,109.2,286,73.1,5,+.096,23,-2.39,247,103.2,211,105.5,269,+1.51,128
195,Montana,BSky,9-12,-1.72,106.0,127,107.7,259,63.2,340,-.077,326,-0.69,190,103.9,170,104.6,211,+2.65,96
196,South Alabama,SB,8-13,-1.83,101.1,230,102.9,157,66.5,217,-.108,348,+1.54,120,104.1,154,102.6,102,+5.64,39
197,New Mexico St.,WAC,7-13,-1.86,104.7,152,106.6,233,68.5,106,-.125,354,+4.27,72,105.2,108,100.9,53,+5.64,38
198,Saint Joseph's,A10,9-11,-2.24,102.6,203,104.8,199,69.2,72,-.032,254,-1.82,230,103.0,223,104.9,228,-4.50,304
199,Northern Kentucky,Horz,14-8,-2.32,99.6,268,101.9,131,62.1,356,+.067,60,-5.08,320,102.3,268,107.4,345,+3.15,83
200,Wofford,SC,12-10,-2.34,107.1,110,109.5,294,65.5,265,-.006,190,-1.99,235,103.2,206,105.2,249,-0.19,178
201,Utah Tech,WAC,10-11,-2.36,104.5,162,106.9,239,69.5,59,-.040,270,+2.25,104,104.7,124,102.4,98,+2.32,104
202,Delaware,CAA,11-11,-2.56,102.6,202,105.2,206,66.7,210,-.001,178,-1.29,210,104.4,137,105.7,282,-0.30,186
203,Brown,Ivy,10-9,-2.61,98.9,279,101.5,126,68.4,119,-.005,186,-4.13,299,101.3,317,105.5,265,-3.76,288
204,Purdue Fort Wayne,Horz,14-8,-2.64,101.2,229,103.8,178,68.5,108,+.048,86,-5.28,325,101.8,299,107.0,338,-0.65,197
205,East Carolina,Amer,11-10,-2.72,102.1,213,104.8,200,66.6,215,+.021,129,-3.11,270,102.6,257,105.7,279,-8.91,357
206,St. Thomas,Sum,14-9,-2.77,108.5,88,111.2,316,64.9,293,+.036,109,-4.00,293,101.7,303,105.7,277,-1.85,233
207,Jacksonville,ASun,11-9,-2.79,101.1,231,103.9,180,61.9,359,+.062,68,+2.01,110,106.4,54,104.4,198,+6.13,28
208,Rhode Island,A10,7-13,-2.81,100.6,243,103.4,167,67.3,173,-.039,266,-0.04,164,102.9,233,102.9,122,-1.38,217
209,Milwaukee,Horz,14-7,-2.85,100.9,235,103.7,173,71.3,21,+.091,30,-3.44,281,103.3,199,106.8,325,+1.58,124
210,Navy,Pat,11-10,-2.86,104.6,157,107.4,253,64.2,312,-.014,213,-4.07,296,101.7,301,105.8,284,-0.84,203
211,Oregon St.,P12,8-13,-2.87,99.5,269,102.4,144,63.9,321,-.012,206,+4.97,61,105.5,86,100.6,42,-5.10,315
212,Texas St.,SB,11-11,-2.89,99.4,272,102.3,142,64.0,318,+.049,85,-0.74,192,103.0,228,103.7,159,-0.15,175
213,Northwestern St.,Slnd,13-8,-2.94,104.1,176,107.1,244,66.1,233,+.090,32,-3.24,277,103.4,196,106.6,322,+3.67,69
214,Queens,ASun,14-8,-2.95,110.1,68,113.1,339,68.8,91,+.016,147,-4.52,313,102.0,285,106.5,318,-2.70,260
215,Tarleton St.,WAC,11-10,-3.08,100.5,245,103.6,170,67.6,151,+.077,47,+3.65,82,105.3,102,101.6,76,+6.44,24
216,North Carolina Central,MEAC,10-9,-3.08,100.7,239,103.8,176,67.7,145,-.066,314,-1.26,207,102.0,279,103.3,140,+6.48,23
217,Weber St.,BSky,11-10,-3.16,98.1,297,101.2,116,65.6,262,+.036,111,-0.38,178,104.3,146,104.6,214,+3.96,65
218,UMBC,AE,14-8,-3.20,108.9,83,112.1,329,67.7,149,+.046,91,-7.16,350,99.9,350,107.0,337,-7.04,342
219,Rider,MAAC,9-9,-3.26,104.3,171,107.5,257,65.5,269,-.001,177,-3.02,265,101.4,314,104.4,203,-0.96,208
220,SIU Edwardsville,OVC,14-8,-3.43,99.8,261,103.3,165,68.5,110,+.020,141,-5.16,323,101.8,298,106.9,333,+0.89,148
221,Pacific,WCC,10-12,-3.70,105.0,147,108.7,276,69.6,58,+.016,149,-0.72,191,103.8,174,104.5,205,-5.22,318
222,Grambling St.,SWAC,12-7,-3.71,97.7,302,101.4,124,68.4,115,+.085,39,-3.55,284,100.2,347,103.8,163,+3.99,64
223,Detroit Mercy,Horz,8-13,-3.80,110.4,61,114.2,348,66.8,201,-.089,337,-0.88,196,104.1,158,104.9,234,+4.99,47
224,Texas A&M Corpus Chris,Slnd,12-9,-3.80,104.6,155,108.4,271,69.3,71,-.065,312,-7.54,355,99.5,353,107.0,336,+0.09,164
225,Wright St.,Horz,12-10,-3.95,102.2,212,106.2,222,72.2,13,-.040,268,-5.40,328,101.8,293,107.2,341,-2.31,249
226,American,Pat,13-7,-4.02,102.3,211,106.3,225,62.7,348,+.063,67,-6.82,346,100.5,340,107.4,344,-6.87,340
227,Georgetown,BE,6-15,-4.09,104.8,148,108.9,281,68.5,113,-.051,291,+4.66,65,107.3,29,102.6,103,-3.93,295
228,Abilene Christian,WAC,10-11,-4.45,102.3,209,106.8,236,68.7,102,-.035,260,-1.26,208,102.9,234,104.1,183,-1.97,240
229,Georgia Southern,SB,12-10,-4.57,99.2,274,103.8,177,65.1,284,+.033,116,-2.32,246,103.7,181,106.0,299,-3.01,266
230,Army,Pat,11-11,-4.95,104.3,167,109.3,288,68.5,111,-.101,345,-6.89,348,99.9,349,106.8,329,-6.98,341
231,Portland St.,BSky,9-12,-4.99,102.4,208,107.4,250,71.3,22,+.021,131,+2.00,111,105.0,112,103.0,126,+5.74,36
232,Southern,SWAC,10-10,-5.05,97.9,301,102.9,156,72.5,11,+.010,156,-1.33,212,102.7,250,104.0,175,+8.10,13
233,Fairfield,MAAC,10-10,-5.11,98.0,298,103.1,162,64.9,295,+.020,137,-4.12,297,101.0,328,105.1,242,-1.18,215
234,Georgia St.,SB,9-12,-5.33,96.4,322,101.7,129,65.8,248,-.091,339,-2.17,240,102.1,278,104.2,190,-4.48,303
235,Mercer,SC,10-12,-5.62,100.5,244,106.2,221,64.7,301,-.022,232,-1.92,233,103.3,205,105.2,247,-1.71,228
236,North Dakota St.,Sum,8-13,-5.63,102.5,204,108.1,267,67.6,157,-.054,294,-0.04,162,105.6,83,105.6,275,+5.41,42
237,California,P12,3-17,-5.71,100.7,241,106.4,228,62.0,357,-.136,357,+5.05,57,105.5,93,100.4,33,+1.31,136
238,Southern Indiana,OVC,13-9,-5.81,103.1,196,108.9,280,70.1,46,+.029,120,-5.75,335,101.1,323,106.9,332,-0.13,172
239,FIU,CUSA,10-11,-5.83,100.0,257,105.9,218,69.9,52,+.028,122,-0.77,193,104.0,161,104.8,222,-8.44,354
240,East Tennessee St.,SC,8-14,-5.95,98.3,290,104.2,188,66.9,197,-.147,360,-4.33,307,103.3,203,107.6,351,-5.05,314
241,Nicholls St.,Slnd,10-10,-6.10,99.5,271,105.6,213,70.1,47,+.047,87,+1.85,113,106.2,61,104.4,199,+13.45,3
242,Loyola Chicago,A10,7-13,-6.13,100.7,238,106.9,240,65.3,273,-.023,239,-0.19,170,103.9,166,104.1,184,-3.31,275
243,Bowling Green,MAC,10-10,-6.17,104.2,173,110.3,309,69.3,67,-.027,248,-4.91,317,103.1,216,108.0,354,-4.64,308
244,Lafayette,Pat,7-15,-6.17,97.0,319,103.2,164,62.1,355,-.086,334,-1.07,202,103.8,172,104.9,230,+4.65,53
245,Tulsa,Amer,5-14,-6.41,101.6,222,108.0,264,68.5,112,-.054,295,+1.57,119,104.2,151,102.6,104,-2.35,251
246,Campbell,BSth,9-12,-6.41,100.7,240,107.1,245,64.1,313,-.050,289,-3.36,279,102.3,267,105.7,281,-1.50,225
247,UMKC,Sum,9-13,-6.44,97.3,312,103.7,174,63.8,326,-.018,220,-2.45,248,104.2,152,106.6,321,+1.94,110
248,South Carolina,SEC,8-12,-6.48,100.3,251,106.8,237,64.1,314,+.102,16,+3.45,88,106.3,55,102.9,119,-3.16,270
249,Robert Morris,Horz,9-12,-6.52,98.2,291,104.7,197,66.2,229,-.074,323,-3.20,276,102.4,265,105.6,272,-1.89,236
250,Howard,MEAC,12-10,-6.53,99.8,264,106.3,226,69.3,70,+.065,64,-2.65,257,102.2,272,104.9,229,+0.51,157
251,Southeast Missouri St.,OVC,11-11,-6.57,99.7,266,106.2,223,71.8,18,+.005,164,-4.13,298,101.8,295,105.9,294,+1.94,111
252,North Carolina A&T,CAA,11-12,-6.57,101.8,220,108.3,270,69.4,62,+.066,61,+0.26,152,103.3,200,103.1,128,+6.08,29
253,Niagara,MAAC,10-9,-6.65,99.8,263,106.5,231,62.0,358,+.088,35,-4.01,294,101.7,302,105.7,280,-5.00,312
254,Northern Colorado,BSky,7-13,-6.77,104.7,154,111.4,320,69.3,68,+.066,62,+1.06,135,104.9,116,103.9,168,+5.16,45
255,Coastal Carolina,SB,10-11,-6.86,104.4,165,111.2,317,67.7,147,+.065,63,-0.50,183,104.3,141,104.8,223,-2.73,261
256,Western Illinois,Sum,13-8,-6.99,102.4,206,109.4,290,67.1,185,+.099,19,-5.70,332,102.8,241,108.5,360,-3.29,273
257,Alcorn St.,SWAC,9-10,-7.34,99.9,259,107.2,247,67.4,166,+.099,20,-0.15,168,100.8,334,100.9,55,+9.52,6
258,Oakland,Horz,9-12,-7.35,103.1,195,110.5,310,68.0,138,+.071,55,+0.21,153,104.7,123,104.5,208,+6.08,30
259,Bellarmine,ASun,10-12,-7.38,100.6,242,108.0,263,61.3,361,+.035,115,+1.02,137,105.5,90,104.5,204,+6.16,27
260,Western Carolina,SC,11-11,-7.43,101.7,221,109.2,284,66.9,194,+.001,172,-3.24,278,102.2,274,105.4,260,-3.81,291
261,Illinois St.,MVC,8-14,-7.49,98.8,281,106.3,224,64.8,299,-.023,237,-3.87,290,101.6,309,105.4,263,-6.74,339
262,Lehigh,Pat,12-8,-7.57,98.0,299,105.5,211,70.3,41,+.138,8,-4.32,306,101.9,290,106.2,305,-0.19,179
263,Northern Illinois,MAC,8-12,-7.58,99.5,270,107.1,243,68.4,116,+.016,148,+0.99,138,104.3,142,103.3,141,+3.02,85
264,Louisiana Monroe,SB,10-12,-7.63,99.2,275,106.8,238,66.4,221,+.035,114,+0.82,141,103.6,186,102.8,112,+1.41,131
265,Northeastern,CAA,8-12,-7.79,98.0,300,105.7,216,67.2,179,+.017,146,-3.13,272,101.8,294,104.9,232,-0.13,171
266,La Salle,A10,8-12,-7.85,98.8,283,106.6,234,67.6,150,+.093,27,-0.88,197,103.5,192,104.3,197,-2.36,252
267,Boston University,Pat,10-12,-7.87,97.7,304,105.5,212,66.0,241,-.006,189,-4.25,303,101.6,306,105.9,290,-3.71,287
268,Tennessee Martin,OVC,14-8,-7.87,99.4,273,107.3,249,70.8,28,+.077,49,-7.49,354,100.7,336,108.2,358,-2.09,244
269,Morgan St.,MEAC,11-9,-7.93,97.1,315,105.0,203,69.6,57,+.090,33,-0.40,180,104.9,118,105.3,252,+5.09,46
270,Winthrop,BSth,9-13,-7.98,105.0,146,113.0,338,66.0,239,+.012,152,-1.61,223,103.5,187,105.2,246,+2.93,89
271,Idaho St.,BSky,7-14,-8.11,99.8,262,107.9,262,65.4,270,-.116,352,-1.88,232,103.1,215,105.0,237,-1.11,214
272,Dartmouth,Ivy,7-13,-8.14,96.3,324,104.4,190,68.4,118,-.023,236,-0.49,182,103.1,221,103.6,147,-3.20,271
273,Maryland Eastern Shore,MEAC,11-8,-8.17,94.6,335,102.8,152,68.2,123,+.183,2,+0.94,140,104.1,155,103.2,135,+5.90,31
274,Canisius,MAAC,5-14,-8.20,99.0,277,107.2,248,67.3,171,-.052,293,+0.77,142,104.9,119,104.1,182,+4.82,51
275,North Florida,ASun,8-13,-8.50,104.7,153,113.2,340,68.6,105,-.005,187,+1.27,124,105.9,68,104.7,215,+5.87,32
276,Southeastern Louisiana,Slnd,12-9,-8.58,104.0,179,112.6,333,68.5,109,+.111,13,-3.05,268,102.8,235,105.9,291,+5.38,43
277,New Hampshire,AE,9-10,-8.60,98.5,287,107.1,246,63.5,335,-.039,267,-5.73,334,100.8,332,106.5,320,-4.25,298
278,UC San Diego,BW,8-13,-8.86,98.6,284,107.5,256,64.6,303,+.073,52,+0.45,147,104.5,132,104.0,177,+2.54,98
279,Valparaiso,MVC,9-13,-8.98,97.4,310,106.4,229,67.6,156,+.037,104,-2.06,238,103.0,222,105.1,243,-4.35,300
280,Jacksonville St.,ASun,9-13,-9.08,100.1,256,109.2,285,64.6,305,-.020,227,-1.30,211,103.7,178,105.0,236,+0.65,155
281,Mount St. Mary's,MAAC,7-14,-9.12,94.3,337,103.4,168,65.7,257,-.069,318,-4.58,315,100.9,331,105.4,262,-1.93,239
282,North Alabama,ASun,12-10,-9.22,102.3,210,111.5,323,68.7,100,+.119,12,-2.53,251,102.7,252,105.2,248,-0.19,177
283,Chicago St.,ind,5-17,-9.41,102.7,201,112.1,330,63.9,322,-.073,322,+2.51,100,105.4,99,102.8,117,+2.51,99
284,Maine,AE,8-12,-9.45,100.3,252,109.8,302,66.2,230,-.054,296,-2.47,249,101.1,322,103.6,153,-0.16,176
285,Illinois Chicago,MVC,9-13,-9.51,96.4,323,105.9,219,68.8,93,+.022,128,-3.18,275,101.2,320,104.4,201,-9.56,359
286,The Citadel,SC,9-12,-9.52,98.3,289,107.8,260,68.1,133,+.052,78,-1.95,234,104.1,157,106.1,302,-1.46,222
287,Northern Arizona,BSky,5-16,-9.52,101.9,219,111.4,318,66.6,213,-.024,241,+2.68,98,105.4,94,102.8,111,+7.11,19
288,UT Arlington,WAC,7-15,-9.53,97.4,309,107.0,242,65.3,275,-.017,218,+2.31,103,103.9,168,101.6,75,+4.46,58
289,Charleston Southern,BSth,7-13,-9.55,107.2,109,116.8,361,65.3,278,-.089,336,-2.55,253,102.7,244,105.3,251,+1.85,115
290,Western Michigan,MAC,6-14,-9.74,104.5,160,114.3,349,65.8,247,-.049,288,+1.79,115,104.9,114,103.2,134,+2.12,107
291,USC Upstate,BSth,9-11,-9.75,97.7,303,107.5,255,67.6,152,+.061,69,-1.49,217,103.8,171,105.3,256,+2.15,106
292,Cal Poly,BW,7-14,-9.82,95.1,333,104.9,202,63.6,329,-.068,316,-0.80,195,102.7,243,103.5,146,-0.50,191
293,Prairie View A&M,SWAC,7-14,-9.84,92.5,349,102.4,145,67.6,154,-.040,269,-2.59,255,101.3,319,103.9,170,+5.72,37
294,Morehead St.,OVC,13-9,-9.88,101.1,232,111.0,314,64.7,302,+.152,5,-4.05,295,102.0,286,106.0,300,+4.01,62
295,UT Rio Grande Valley,WAC,10-11,-9.88,100.8,237,110.7,312,74.2,1,+.074,50,-1.33,213,104.4,134,105.8,285,-5.92,328
296,Texas Southern,SWAC,7-14,-9.99,94.8,334,104.7,198,69.5,60,+.014,151,+0.08,156,102.8,239,102.7,109,+11.02,4
297,Tennessee Tech,OVC,10-12,-10.02,100.3,253,110.3,308,65.1,282,-.005,188,-4.28,304,101.1,327,105.3,255,+2.08,108
298,Denver,Sum,12-11,-10.04,102.1,215,112.1,331,68.2,125,+.096,22,-5.08,321,102.5,259,107.6,352,-7.52,349
299,High Point,BSth,10-11,-10.25,98.5,288,108.8,278,72.8,7,+.060,70,-5.29,326,102.2,273,107.5,347,-4.67,309
300,Louisville,ACC,2-18,-10.38,97.2,313,107.6,258,67.5,159,-.044,280,+5.44,52,106.8,40,101.3,67,+1.07,143
301,Miami OH,MAC,7-13,-10.40,104.2,174,114.6,352,67.8,142,-.062,309,-1.51,218,102.7,245,104.2,191,-1.93,238
302,Idaho,BSky,8-14,-10.47,102.8,199,113.3,343,66.2,232,-.083,330,-4.53,314,101.8,297,106.3,312,-7.04,343
303,Wagner,NEC,11-8,-10.50,95.5,329,106.1,220,63.3,338,+.052,77,-10.61,360,96.3,363,107.0,335,-2.69,259
304,Bucknell,Pat,8-14,-10.84,97.4,311,108.2,269,66.9,193,-.084,332,-7.44,352,98.5,358,106.0,296,-6.32,333
305,Texas A&M Commerce,Slnd,9-13,-11.00,98.1,294,109.1,283,64.9,291,+.032,117,-4.94,318,101.9,289,106.8,327,+1.37,133
306,Marist,MAAC,7-11,-11.10,95.6,328,106.7,235,65.1,285,-.007,195,-7.39,351,98.6,357,106.0,297,-9.28,358
307,Austin Peay,ASun,8-14,-11.10,97.4,308,108.5,275,64.6,304,-.051,292,-1.73,227,103.7,177,105.4,261,+1.72,119
308,South Dakota,Sum,9-12,-11.15,102.1,216,113.2,341,65.5,266,+.053,76,-2.95,264,102.4,266,105.3,254,+2.39,102
309,William & Mary,CAA,9-13,-11.30,100.2,254,111.5,324,65.6,261,+.080,46,-0.25,173,104.5,130,104.7,220,+2.67,95
310,Saint Peter's,MAAC,8-12,-11.32,94.3,336,105.7,215,62.9,346,+.018,145,-5.53,330,99.9,348,105.5,264,-7.37,348
311,Manhattan,MAAC,6-12,-12.00,97.5,307,109.4,291,67.0,191,-.008,198,-5.23,324,100.6,339,105.8,288,-5.39,320
312,North Dakota,Sum,7-15,-12.04,98.2,293,110.2,307,65.6,258,-.065,311,-3.03,266,103.3,201,106.3,310,-0.73,198
313,Jackson St.,SWAC,6-14,-12.22,95.9,327,108.1,266,69.8,53,+.064,65,+0.71,145,103.0,229,102.3,91,+9.14,7
314,UTSA,CUSA,7-15,-12.28,100.4,249,112.6,334,67.4,163,+.011,155,-0.09,165,102.6,256,102.7,107,-6.73,338
315,Central Michigan,MAC,7-13,-12.30,93.1,345,105.4,209,68.1,132,-.014,212,-2.55,252,103.4,194,105.9,295,-0.15,173
316,Nebraska Omaha,Sum,7-15,-12.45,100.5,247,112.9,337,67.4,164,+.041,97,+1.08,133,104.5,131,103.4,143,+7.62,16
317,Fairleigh Dickinson,NEC,13-10,-12.65,104.1,178,116.7,360,69.4,65,+.077,48,-10.70,361,97.4,360,108.1,356,-5.66,325
318,Arkansas St.,SB,9-13,-12.69,97.1,316,109.8,301,63.0,343,+.005,165,-4.21,302,100.9,330,105.1,244,-10.19,360
319,Cal St. Bakersfield,BW,6-14,-12.88,92.6,348,105.5,210,62.2,354,-.006,191,+0.08,155,103.0,227,102.9,123,-0.26,181
320,NJIT,AE,6-14,-13.05,96.4,321,109.5,292,65.7,256,-.024,240,-4.78,316,102.5,260,107.3,343,-3.64,283
321,St. Francis PA,NEC,8-12,-13.17,99.6,267,112.8,336,68.4,120,-.043,277,-6.43,344,100.4,341,106.9,331,+1.36,134
322,Arkansas Pine Bluff,SWAC,9-12,-13.17,93.3,344,106.5,232,69.3,69,+.032,118,+1.06,136,101.6,310,100.5,40,+14.70,1
323,Stony Brook,CAA,7-14,-13.38,97.7,305,111.0,315,63.1,341,+.016,150,-2.23,243,101.9,291,104.1,180,+1.47,129
324,Tennessee St.,OVC,11-11,-13.49,98.5,286,112.0,328,70.0,48,-.006,192,-9.82,359,98.9,355,108.7,363,-8.46,356
325,Presbyterian,BSth,5-17,-13.64,97.1,314,110.8,313,63.5,332,-.105,346,-3.93,291,102.5,264,106.4,316,-3.40,278
326,Sacred Heart,NEC,11-12,-13.95,95.5,330,109.5,295,69.9,50,+.051,80,-11.03,362,96.9,362,108.0,353,-7.12,345
327,Cal St. Northridge,BW,4-17,-13.98,94.3,338,108.2,268,64.0,317,+.000,174,-1.13,204,102.8,240,103.9,169,-3.05,267
328,Coppin St.,MEAC,6-16,-14.36,98.9,280,113.2,342,73.0,6,+.088,34,+1.32,123,104.6,129,103.2,138,+4.85,49
329,Binghamton,AE,8-12,-14.40,97.0,318,111.4,319,66.3,224,+.047,89,-5.70,333,101.1,325,106.8,326,-5.48,321
330,Eastern Michigan,MAC,4-16,-14.56,100.4,250,114.9,354,70.2,43,-.043,276,-1.48,216,104.0,160,105.5,266,-0.77,200
331,Central Connecticut,NEC,5-17,-14.66,95.4,331,110.1,305,64.1,315,-.126,355,-7.47,353,98.7,356,106.2,304,-1.50,224
332,Merrimack,NEC,7-15,-14.88,87.3,361,102.2,139,64.8,298,-.014,209,-3.94,292,101.6,308,105.5,268,+2.97,86
333,Central Arkansas,ASun,7-15,-14.97,97.0,317,112.0,326,72.1,14,+.067,59,-2.48,250,103.8,173,106.2,307,-1.91,237
334,Holy Cross,Pat,7-15,-14.97,93.5,342,108.5,272,67.3,172,-.025,244,-5.84,336,99.8,352,105.7,278,-4.46,302
335,Stonehill,NEC,9-14,-15.16,94.2,339,109.3,289,67.0,192,+.081,43,-6.15,340,100.2,346,106.4,315,-0.06,169
336,McNeese St.,Slnd,5-16,-15.28,99.9,258,115.2,356,66.0,242,-.055,298,-1.63,224,103.0,224,104.7,216,+7.67,15
337,Little Rock,OVC,6-16,-15.29,98.8,282,114.1,347,69.7,55,-.057,300,-6.51,345,100.6,338,107.1,340,-0.87,205
338,Alabama A&M,SWAC,7-13,-15.30,92.7,347,108.0,265,70.5,38,+.002,169,-6.26,342,100.4,343,106.6,323,+0.62,156
339,Alabama St.,SWAC,6-14,-15.55,93.9,340,109.5,293,66.7,207,+.036,110,-0.97,200,102.7,248,103.7,156,+6.94,20
340,Albany,AE,6-16,-15.83,97.7,306,113.5,344,67.2,181,-.029,251,-1.26,206,103.6,183,104.9,231,+1.92,112
341,VMI,SC,5-17,-15.84,98.6,285,114.4,350,66.6,211,-.016,215,-0.40,179,103.8,175,104.1,186,-0.75,199
342,New Orleans,Slnd,6-13,-16.14,96.7,320,112.8,335,71.1,27,-.070,319,-5.92,337,102.1,275,108.0,355,+2.80,91
343,Loyola MD,Pat,7-15,-16.21,93.4,343,109.6,297,64.9,296,+.020,140,-4.49,311,101.7,305,106.1,303,-3.38,277
344,Hampton,CAA,5-16,-16.32,98.2,292,114.5,351,68.1,127,-.007,193,-2.22,242,102.5,263,104.7,219,-1.03,210
345,Elon,CAA,2-19,-16.60,95.4,332,112.0,327,67.1,188,-.031,253,-0.29,176,102.8,242,103.0,127,-1.45,221
346,Eastern Illinois,OVC,7-15,-16.85,92.9,346,109.7,300,68.0,135,+.020,138,-6.10,339,101.4,312,107.5,350,-2.58,257
347,Columbia,Ivy,6-15,-16.89,91.6,355,108.5,273,68.9,88,+.007,159,-3.62,287,101.9,287,105.6,271,-6.59,337
348,South Carolina St.,MEAC,3-18,-16.92,98.1,296,115.0,355,71.6,19,-.046,283,-0.04,163,104.6,126,104.7,218,+3.22,81
349,Lindenwood,OVC,7-15,-16.98,91.7,354,108.7,277,67.3,174,-.043,278,-4.37,308,102.0,284,106.3,314,+1.92,113
350,Incarnate Word,Slnd,9-12,-17.00,93.5,341,110.5,311,67.2,182,+.024,126,-7.95,356,100.4,342,108.3,359,-3.56,281
351,Evansville,MVC,4-18,-17.12,92.4,350,109.5,296,69.1,78,+.012,153,-0.17,169,103.0,225,103.2,136,-1.74,229
352,Bethune Cookman,SWAC,6-14,-17.88,96.0,325,113.9,346,69.1,80,-.016,217,-5.11,322,101.7,300,106.8,328,-1.53,226
353,Houston Christian,Slnd,7-14,-18.14,99.8,265,117.9,363,70.2,45,-.013,207,-5.96,338,102.7,246,108.7,362,-0.44,189
354,St. Francis NY,NEC,10-11,-19.50,92.0,352,111.5,321,66.3,225,+.086,37,-11.29,363,97.2,361,108.5,361,-8.04,352
355,Delaware St.,MEAC,2-16,-21.62,91.9,353,113.5,345,66.4,218,-.023,238,+1.82,114,104.2,150,102.4,96,+5.87,33
356,Mississippi Valley St.,SWAC,2-20,-22.00,89.5,359,111.5,322,65.8,249,-.044,279,+0.38,149,103.0,226,102.6,106,+8.82,9
357,Monmouth,CAA,1-20,-22.19,87.9,360,110.1,306,67.8,141,-.022,233,+3.91,74,106.3,58,102.4,97,+6.52,22
358,Florida A&M,SWAC,3-15,-22.55,87.3,362,109.8,304,63.8,327,-.012,205,+3.29,90,104.8,122,101.5,70,+14.26,2
359,Lamar,Slnd,6-15,-23.55,92.3,351,115.8,357,66.0,240,+.042,96,-6.86,347,100.6,337,107.5,348,-1.82,232
360,IUPUI,Horz,3-19,-25.58,90.9,357,116.5,359,66.5,216,-.066,313,-5.45,329,101.7,304,107.1,339,-5.49,322
361,Hartford,ind,5-17,-26.26,89.8,358,116.0,358,65.7,254,-.047,286,-8.28,357,99.9,351,108.1,357,-8.28,353
362,Green Bay,Horz,2-20,-26.48,91.3,356,117.8,362,65.3,276,+.021,132,-1.53,219,103.6,185,105.2,245,+1.79,117
363,LIU,NEC,3-18,-27.81,86.8,363,114.6,353,71.5,20,-.011,203,-5.39,327,101.3,318,106.7,324,+6.27,25
